Axis,Jerk_Women,Jerk_Men
acc_x,"[0.07423728624226422, 0.06160381787128319, 0.022467696259160067, 0.14481074742329234, 0.11060718644963155, 0.01751514238017204, 0.10972982074900098, 0.07749657911597536, 0.04978785750843006]","[0.08794035621425722, 0.09128902443348699, 0.07778373132509055, 0.08991881325867786, 0.06566015071433277, 0.02667937258946923, 0.03420738424082326, 0.041213658298317496, 0.04979326985848864]"
acc_y,"[0.05915416052673442, 0.07817145846835061, 0.022915090476097244, 0.13463854777198142, 0.12194099912228337, 0.043407178918948346, 0.08338836701855555, 0.04899947504473844, 0.07244976269927447]","[0.04677675446486337, 0.08115209334804593, 0.10101099081628788, 0.08047037107757328, 0.06358960441008406, 0.03312161232911679, 0.046805727582015566, 0.04279159767243281, 0.08242383161345349]"
acc_z,"[0.061678734442819114, 0.0470062042324285, 0.0402705226460933, 0.11133104432459436, 0.1277331438415046, 0.02821434500540804, 0.04525055458573256, 0.05484065100678467, 0.05381632982518315]","[0.07788929098966645, 0.10445462409552102, 0.05395795846266345, 0.06905786413438893, 0.09268225967067067, 0.028135624721786483, 0.055796046900517, 0.04364285787076203, 0.07332264688060554]"
vector,"[0.24005292465753403, 0.25267499103476665, 0.2619663313371364, 0.21420055151777165, 0.21232992335636797, 0.1657537354024494, 0.3025927753228461, 0.2014876706168846, 0.13482082337844115]","[0.18621464936057813, 0.19740663245700305, 0.27795753543395046, 0.23078541610858172, 0.1995464730705826, 0.2747319283711458, 0.13862265776473542, 0.18406153343880846, 0.21457484033645416]"
