Axis,Jerk_Women,Jerk_Men
acc_x,"[0.014051607661444265, 0.00810785168035744, 0.0013020565284710885, 0.03797793054061772, 0.02245699469846881, 0.0008377420257771169, 0.022303184447262876, 0.01206621857536107, 0.005038530337195566]","[0.016094904773216036, 0.015590134820981965, 0.012395523501880938, 0.01595206108069311, 0.008841434010186432, 0.002340376371860337, 0.004088569442315494, 0.00554946114986858]"
acc_y,"[0.014051607661444265, 0.00810785168035744, 0.0013020565284710885, 0.03797793054061772, 0.02245699469846881, 0.0008377420257771169, 0.022303184447262876, 0.01206621857536107, 0.005038530337195566]","[0.016094904773216036, 0.015590134820981965, 0.012395523501880938, 0.01595206108069311, 0.008841434010186432, 0.002340376371860337, 0.004088569442315494, 0.00554946114986858]"
acc_z,"[0.010476508561043676, 0.00591413754945703, 0.003981827456762726, 0.023730802474105285, 0.0297059810607477, 0.002475932430564894, 0.005004935699569256, 0.008824731756060397, 0.006510771325023332]","[0.01585094297965599, 0.021628882881923394, 0.006791452065306947, 0.011095286329438762, 0.01742557640231002, 0.0028339205400918378, 0.004958709448796211, 0.01190159265939106]"
acc_vector,"[0.013682535508316657, 0.007793922468879036, 0.0024260698324512085, 0.030326419341389486, 0.020393647529266277, 0.0030052046932534187, 0.0051430604091417115, 0.010854996680575935, 0.004301240878287988]","[0.014299046065099219, 0.01513255530922788, 0.007642438591418735, 0.012750598943785522, 0.010959646026958994, 0.002208958035445792, 0.005762464499140518, 0.006766794375479488]"
