Axis,Jerk_Women,Jerk_Men
acc_x,"[14238252831.909628, 3538857238.208875, 6173138274.088218, 6871003768.260509, 7555167132.765039, 4486191752.505105, 376891462.24047923, 623248082.2923357, 34792144174.7967]","[3803538602.2241707, 557687930.7397895, 418400627.21201473, 11480354616.881224, 7183783513.3433, 1201965360.6098247, 65536129467.72668, 1602387034.6385841, 1751739369.9252694]"
acc_y,"[11345402509.60182, 4490592323.353753, 6296062597.629159, 6388351593.754754, 8329337887.32382, 11117975740.01718, 286415883.7127718, 394066798.8616937, 50628460741.37985]","[2023157500.7541876, 495761054.46770906, 543340634.2543148, 10274027899.64432, 6957247993.058103, 1492202658.5760012, 89672633284.40616, 1663737317.5041876, 2899690485.6362443]"
acc_z,"[11829600188.82132, 2700291180.592527, 11064574747.523685, 5282453399.972058, 8724977834.56004, 7226601937.811475, 155423088.8977793, 441043088.1147884, 37607272132.95234]","[3368816522.1582036, 638117052.1816316, 290241201.845969, 8816939866.25959, 10140233943.38979, 1267572773.7335663, 106896713519.99376, 1696834314.0152278, 2579508588.468175]"
