Axis,Jerk_Women,Jerk_Men
acc_x,"[145207.27003061067, 1450900.913123191, 7530395.104166258, 1247604.0841289375, 5545050.7580794385, 128884.26889556265, 1178162.1884771658, 330567.8273230445, 840274.412969547]","[28516833.8018433, 1216354.1914313142, 44172.25130871967, 2816138.2557972986, 3632388.901701847, 63038.488935966125, 1231470.550791692, 551733.4707817181, 3958510.1159554753]"
acc_y,"[1025438.255250852, 10424631.869174207, 17052896.79348152, 598040.0622313984, 13177299.350646075, 8630996.679136269, 134317.62961769578, 38632.606505806005, 17049581.04453405]","[3018353.2109383317, 797638.869275894, 3013144.9201550004, 665776.014954536, 4487975.830423554, 166736.0603037257, 236573.05497664041, 1528110.5370587474, 9667974.069448711]"
acc_z,"[33002254.1626489, 17354380.297282595, 41308579.02662236, 10844122.29653855, 7685814.966748002, 59418403.16589047, 1109338.9506425515, 2690894.9396267044, 100748042.64266086]","[10686320.274776815, 3244370.1763713644, 1950530.1400011636, 28917527.421271183, 24596834.208755326, 12189379.981532747, 188541068.0664856, 8807854.362766609, 8489258.531662254]"
