Axis,Jerk_Women,Jerk_Men
acc_x,"[132.00080237160742, 62.30073231186657, 12.986711814970636, 282.66973701381767, 177.61237107018985, 8.258460890110818, 107.16680126909812, 66.81065225177424, 58.71399401933993]","[117.95955708290032, 82.45622306817361, 64.1840206927395, 140.0271921663241, 75.63846795714493, 17.26963724795743, 29.437699984671557, 39.29573440221941]"
acc_y,"[89.09521288998411, 93.9620028453175, 13.149394207119467, 240.8199601999208, 209.62235347359285, 46.34887702507411, 63.4866840249308, 28.38177516906855, 125.31022014331982]","[34.00211431791767, 65.0707615960422, 101.54580990617778, 114.71817275616228, 71.01114349643382, 24.93712604278557, 30.188413777045287, 97.65221572836518]"
acc_z,"[98.41632142244428, 45.44423293002782, 39.71474705375143, 176.62836281476564, 234.9446042094536, 24.40774190050873, 24.048716036430275, 48.86253973330642, 75.87001825049688]","[116.17156109789876, 114.39516156249283, 35.16613879415937, 97.39442339981346, 149.0758061217622, 20.911499665337672, 35.70270803133272, 84.27517762114809]"
vector,"[2.1643173953240895, 1.712511167176678, 2.8517122626391243, 1.1661352688284596, 1.224868532462239, 1.615636235833044, 1.5752259133208013, 0.7784123511480705, 0.5896078957150928]","[0.7006262935537904, 0.7290757214003882, 1.1133612540207127, 1.3663093738694574, 1.3151021405601846, 3.9486255546846456, 1.1220281323726826, 1.0504000394866568]"
