Axis,Jerk_Women,Jerk_Men
acc_x,"[263600725.237341, 143960114.2910778, 673376965.4903089, 78948579.27887763, 101300609.73498285, 425830665.62478787, 7976837.594657861, 13417504.359477399, 388609033.1300831]","[61238021.22179991, 14357659.24455835, 12602442.255214507, 228990541.50170618, 222946320.88192827, 190164364.54069993, 1376776969.1051452, 48966904.17706819, 45600505.666960165]"
acc_y,"[381554147.2536798, 150800000.1055802, 673227715.343527, 80954470.24908601, 86276340.81965347, 324951702.42354715, 10290624.303284084, 14338162.14968395, 477376454.42670405]","[98970721.02968994, 14109960.072981304, 12544946.823315693, 251944657.49228477, 200441025.89998332, 177668962.56616807, 1292289995.956287, 57141726.51652887, 55243801.237627275]"
acc_z,"[492919014.6122883, 266866178.04784733, 857756332.6427213, 83326043.69362128, 88845592.88744637, 523934723.06827086, 14802808.330465384, 20719339.322878, 622109012.6508641]","[125169416.73420544, 16584683.25709896, 21414562.145072464, 313937651.61763597, 199362483.17811242, 295765896.5300665, 1279423151.4344757, 61067633.72047494, 77603063.54508452]"
